Student_ID,Name,Gender,Branch,Semester,Internal_Marks,External_Marks,Assignment_Score,Total_Marks,SGPA,Grade,Attendance_Percentage,Lecture_Attended,Lecture_Missed,Late_Coming_Count,Study_Hours_Per_Day,Assignment_Submission_Rate,Notes_Completion_Rate,Core_Subject_Avg,Technical_Subject_Avg,Practical_Score,Project_Score,Group_Activity_Score,Communication_Score,Average_Marks,Attendance_Status,Performance_Index,Final_Result,Performance_Label,Risk_Level
S0001,Prachi,Female,Electrical,1,22,70,13,105,10.0,A,100,120,0,7,3.9,78,98,65,45,38,88,83,42,35.0,Fail,67.5,Pass,Excellent,Low
S0002,Siddharth,Male,ENTC,1,22,51,12,85,8.5,A,93,111,9,9,4.2,100,81,66,44,83,89,36,59,28.33,Fail,56.66,Pass,Excellent,Low
S0003,Rohan,Male,CSE,7,18,25,10,53,5.3,D,35,42,78,7,1.8,94,36,63,62,55,30,30,33,17.67,Fail,35.34,Pass,Poor,High
S0004,Vihaan,Male,CSE,7,24,45,16,85,8.5,A,51,61,59,12,7.0,100,81,95,80,81,84,67,63,28.33,Fail,56.66,Pass,Excellent,High
S0005,Tanish,Male,IT,1,18,27,11,56,5.6,D,44,52,68,8,3.4,67,100,45,30,66,68,30,58,18.67,Fail,37.34,Pass,Poor,High
S0006,Sneha,Female,CSE,4,24,57,17,98,9.8,A,89,106,14,10,4.5,79,92,91,63,56,78,53,66,32.67,Fail,65.34,Pass,Excellent,Low
S0007,Aman,Male,ENTC,7,30,58,19,107,10.0,A,90,108,12,12,3.4,93,69,40,54,87,42,66,66,35.67,Fail,67.84,Pass,Excellent,Low
S0008,Tanish,Male,Civil,5,29,59,23,111,10.0,A,93,111,9,0,6.9,100,93,95,67,74,84,88,79,37.0,Fail,68.5,Pass,Excellent,Low
S0009,Shubham,Male,Civil,4,21,30,13,64,6.4,C,47,56,64,12,2.9,76,74,60,47,58,37,65,45,21.33,Fail,42.66,Pass,Poor,High
S0010,Kunal,Male,Civil,1,13,30,19,62,6.2,C,71,85,35,2,1.4,56,51,50,42,35,51,100,84,20.67,Fail,41.34,Pass,Poor,Medium
S0011,Ishita,Female,Electrical,7,19,34,9,62,6.2,C,90,108,12,6,2.7,69,50,47,30,56,77,58,86,20.67,Fail,41.34,Pass,Poor,Medium
S0012,Palak,Female,ENTC,5,24,27,24,75,7.5,B,48,57,63,12,5.3,84,100,81,42,66,64,47,81,25.0,Fail,50.0,Pass,Average,High
S0013,Pranav,Male,CSE,5,23,35,5,63,6.3,C,78,93,27,11,2.9,61,57,57,76,73,39,71,50,21.0,Fail,42.0,Pass,Poor,Medium
S0014,Prachi,Female,Electrical,8,30,70,19,119,10.0,A,76,91,29,11,4.3,71,86,69,51,51,52,59,66,39.67,Fail,69.84,Pass,Excellent,Low
S0015,Aarav,Male,CSE,7,22,28,8,58,5.8,D,77,92,28,9,0.5,58,68,65,36,79,69,47,66,19.33,Fail,38.66,Pass,Poor,High
S0016,Atharva,Male,Mechanical,7,22,20,10,52,5.2,D,64,76,44,2,0.8,59,55,63,48,73,33,71,74,17.33,Fail,34.66,Pass,Poor,High
S0017,Anushka,Female,ENTC,6,26,41,18,85,8.5,A,80,96,24,0,3.3,83,88,47,60,78,62,50,77,28.33,Fail,56.66,Pass,Excellent,Low
S0018,Khushi,Female,CSE,2,29,49,19,97,9.7,A,71,85,35,3,4.3,96,86,63,45,60,32,56,41,32.33,Fail,64.66,Pass,Excellent,Low
S0019,Ritik,Male,CSE,5,28,24,12,64,6.4,C,99,118,2,0,3.0,86,64,60,43,72,71,57,97,21.33,Fail,42.66,Pass,Poor,Medium
S0020,Ishita,Female,Electrical,7,15,10,13,38,3.8,D,66,79,41,6,2.4,94,71,72,30,49,59,56,68,12.67,Fail,25.34,Fail,Poor,High
S0021,Ananya,Female,ENTC,3,8,10,16,34,3.5,D,36,43,77,8,3.5,75,35,78,51,30,34,56,74,11.33,Fail,23.16,Fail,Poor,High
S0022,Tanvi,Female,CSE,4,15,44,9,68,6.8,C,68,81,39,13,4.3,94,81,92,63,84,82,71,30,22.67,Fail,45.34,Pass,Poor,Medium
S0023,Pranav,Male,Mechanical,7,21,49,13,83,8.3,B,90,108,12,6,3.0,83,67,69,75,30,63,34,94,27.67,Fail,55.34,Pass,Average,Low
S0024,Nikhil,Male,Mechanical,7,15,31,9,55,5.5,D,83,99,21,5,4.5,88,90,43,39,62,59,40,53,18.33,Fail,36.66,Pass,Poor,High
S0025,Shubham,Male,Mechanical,5,15,35,25,75,7.5,B,43,51,69,7,3.0,60,72,71,63,72,71,55,50,25.0,Fail,50.0,Pass,Average,High
S0026,Simran,Female,IT,3,13,13,6,32,3.5,D,53,63,57,9,2.4,73,58,68,75,52,65,46,43,10.67,Fail,22.84,Fail,Poor,High
S0027,Siddharth,Male,IT,4,12,46,27,85,8.5,A,71,85,35,14,4.5,96,88,71,76,90,68,68,58,28.33,Fail,56.66,Pass,Excellent,Low
S0028,Rohan,Male,ENTC,5,10,41,14,65,6.5,C,54,64,56,2,0.5,49,68,59,34,63,74,30,41,21.67,Fail,43.34,Pass,Poor,High
S0029,Ishita,Female,Civil,6,21,18,9,48,4.8,D,72,86,34,9,2.6,35,100,41,45,48,34,60,56,16.0,Fail,32.0,Fail,Poor,High
S0030,Nandini,Female,IT,1,17,39,16,72,7.2,B,64,76,44,10,1.7,95,66,45,79,56,63,58,60,24.0,Fail,48.0,Pass,Average,Medium
S0031,Sneha,Female,Mechanical,7,28,34,19,81,8.1,B,84,100,20,13,5.1,77,100,90,49,81,75,47,63,27.0,Fail,54.0,Pass,Average,Low
S0032,Tanvi,Female,Electrical,7,26,37,14,77,7.7,B,76,91,29,7,1.9,81,63,47,69,98,44,66,50,25.67,Fail,51.34,Pass,Average,Low
S0033,Kunal,Male,IT,8,17,54,25,96,9.6,A,84,100,20,2,4.8,70,78,49,80,50,87,60,73,32.0,Fail,64.0,Pass,Excellent,Low
S0034,Simran,Female,Civil,1,9,30,19,58,5.8,D,41,49,71,0,2.7,96,60,48,63,88,66,74,88,19.33,Fail,38.66,Pass,Poor,High
S0035,Aditya,Male,Civil,2,16,58,24,98,9.8,A,72,86,34,1,4.4,64,97,50,52,95,66,36,45,32.67,Fail,65.34,Pass,Excellent,Low
S0036,Rohan,Male,CSE,4,28,22,21,71,7.1,B,55,66,54,0,4.3,62,85,92,31,77,63,47,71,23.67,Fail,47.34,Pass,Average,High
S0037,Akash,Male,Electrical,5,17,39,14,70,7.0,B,46,55,65,6,3.1,66,100,68,65,52,59,63,52,23.33,Fail,46.66,Pass,Average,High
S0038,Diya,Female,Mechanical,2,24,39,19,82,8.2,B,78,93,27,6,7.0,72,100,88,90,84,88,65,78,27.33,Fail,54.66,Pass,Average,Low
S0039,Neha,Female,Mechanical,8,14,16,18,48,4.8,D,61,73,47,2,2.8,79,57,67,44,68,91,39,42,16.0,Fail,32.0,Fail,Poor,High
S0040,Arjun,Male,CSE,6,5,15,9,29,3.5,D,43,51,69,8,0.5,71,50,30,61,64,30,33,58,9.67,Fail,22.34,Fail,Poor,High
S0041,Om,Male,Civil,1,30,14,24,68,6.8,C,89,106,14,5,3.1,92,100,88,56,79,33,59,78,22.67,Fail,45.34,Pass,Poor,Medium
S0042,Prachi,Female,IT,1,20,29,23,72,7.2,B,82,98,22,9,6.0,100,52,54,79,77,65,76,76,24.0,Fail,48.0,Pass,Average,Medium
S0043,Kunal,Male,Electrical,5,14,43,6,63,6.3,C,88,105,15,13,0.9,85,76,30,30,49,71,67,39,21.0,Fail,42.0,Pass,Poor,Medium
S0044,Aditya,Male,ENTC,4,19,57,27,103,10.0,A,60,72,48,6,5.1,92,100,64,85,55,83,56,62,34.33,Fail,67.16,Pass,Excellent,Low
S0045,Kavya,Female,Electrical,4,10,37,14,61,6.1,C,81,97,23,12,4.3,80,61,52,41,69,50,83,50,20.33,Fail,40.66,Pass,Poor,Medium
S0046,Arjun,Male,Mechanical,4,18,59,15,92,9.2,A,63,75,45,2,3.6,79,100,55,70,45,79,78,55,30.67,Fail,61.34,Pass,Excellent,Low
S0047,Sneha,Female,ENTC,1,18,39,15,72,7.2,B,86,103,17,1,3.8,93,70,77,79,86,78,68,100,24.0,Fail,48.0,Pass,Average,Medium
S0048,Riya,Female,ENTC,4,12,16,17,45,4.5,D,51,61,59,5,2.6,100,32,37,39,91,68,53,35,15.0,Fail,30.0,Fail,Poor,High
S0049,Prachi,Female,Electrical,6,30,24,19,73,7.3,B,76,91,29,14,3.9,65,75,31,64,49,68,70,49,24.33,Fail,48.66,Pass,Average,Medium
S0050,Ritik,Male,CSE,4,21,60,18,99,9.9,A,51,61,59,1,4.5,42,83,51,95,92,74,82,31,33.0,Fail,66.0,Pass,Excellent,High
S0051,Khushi,Female,IT,8,26,51,28,105,10.0,A,80,96,24,11,3.6,67,100,73,65,58,75,71,83,35.0,Fail,67.5,Pass,Excellent,Low
S0052,Pranav,Male,Mechanical,6,16,49,23,88,8.8,A,65,78,42,0,0.9,66,40,37,65,57,39,30,57,29.33,Fail,58.66,Pass,Excellent,Low
S0053,Tanvi,Female,Electrical,4,17,55,10,82,8.2,B,74,88,32,8,4.9,96,100,83,55,62,85,66,69,27.33,Fail,54.66,Pass,Average,Low
S0054,Shruti,Female,Electrical,6,11,57,12,80,8.0,B,40,48,72,1,3.9,100,72,44,95,56,41,55,65,26.67,Fail,53.34,Pass,Average,High
S0055,Sneha,Female,Mechanical,2,30,38,15,83,8.3,B,73,87,33,4,5.2,100,100,62,79,63,80,77,53,27.67,Fail,55.34,Pass,Average,Low
S0056,Harsh,Male,CSE,3,23,19,5,47,4.7,D,57,68,52,3,2.9,48,58,44,61,45,85,52,56,15.67,Fail,31.34,Fail,Poor,High
S0057,Arjun,Male,Civil,8,16,40,12,68,6.8,C,69,82,38,14,3.4,87,76,42,52,73,66,78,65,22.67,Fail,45.34,Pass,Poor,Medium
S0058,Arjun,Male,CSE,1,15,38,15,68,6.8,C,62,74,46,13,2.6,88,90,59,65,74,34,80,39,22.67,Fail,45.34,Pass,Poor,Medium
S0059,Harsh,Male,Mechanical,4,5,32,8,45,4.5,D,66,79,41,13,3.8,97,70,90,30,50,42,65,61,15.0,Fail,30.0,Fail,Poor,High
S0060,Aditi,Female,IT,5,15,21,14,50,5.0,D,35,42,78,12,1.7,87,94,70,66,48,83,61,40,16.67,Fail,33.34,Pass,Poor,High
S0061,Sneha,Female,ENTC,7,8,11,17,36,3.6,D,77,92,28,5,3.4,78,41,67,58,82,100,72,53,12.0,Fail,24.0,Fail,Poor,High
S0062,Diya,Female,Mechanical,7,29,50,21,100,10.0,A,78,93,27,3,4.2,63,54,34,90,79,59,93,53,33.33,Fail,66.66,Pass,Excellent,Low
S0063,Ritik,Male,Civil,1,29,68,28,125,10.0,A,57,68,52,5,4.8,100,70,60,84,56,43,43,73,41.67,Fail,70.84,Pass,Excellent,High
S0064,Saurabh,Male,IT,3,24,45,14,83,8.3,B,100,120,0,2,5.5,77,61,81,83,55,52,65,77,27.67,Fail,55.34,Pass,Average,Low
S0065,Atharva,Male,Civil,1,15,26,14,55,5.5,D,76,91,29,11,4.0,89,56,58,66,64,81,95,85,18.33,Fail,36.66,Pass,Poor,High
S0066,Sakshi,Female,CSE,1,13,42,11,66,6.6,C,64,76,44,4,1.9,77,70,71,80,64,72,90,91,22.0,Fail,44.0,Pass,Poor,Medium
S0067,Nandini,Female,CSE,2,19,38,18,75,7.5,B,65,78,42,8,5.4,88,100,88,88,94,62,89,65,25.0,Fail,50.0,Pass,Average,Low
S0068,Shubham,Male,CSE,8,11,39,21,71,7.1,B,80,96,24,12,3.1,37,70,64,44,41,56,54,97,23.67,Fail,47.34,Pass,Average,Medium
S0069,Aditya,Male,Electrical,5,15,27,12,54,5.4,D,50,60,60,1,0.5,82,65,43,44,62,57,50,30,18.0,Fail,36.0,Pass,Poor,High
S0070,Shruti,Female,Civil,4,10,44,5,59,5.9,D,45,54,66,9,0.5,60,30,43,42,39,72,64,30,19.67,Fail,39.34,Pass,Poor,High
S0071,Ritik,Male,Mechanical,3,17,41,13,71,7.1,B,100,120,0,0,2.3,58,88,40,77,62,74,85,45,23.67,Fail,47.34,Pass,Average,Medium
S0072,Shruti,Female,Mechanical,6,12,55,18,85,8.5,A,55,66,54,4,3.7,68,57,36,64,60,81,43,30,28.33,Fail,56.66,Pass,Excellent,High
S0073,Khushi,Female,CSE,4,16,59,17,92,9.2,A,70,84,36,2,6.2,65,100,95,51,81,78,89,46,30.67,Fail,61.34,Pass,Excellent,Low
S0074,Vihaan,Male,Electrical,6,17,24,5,46,4.6,D,76,91,29,14,1.4,93,65,40,44,64,49,45,44,15.33,Fail,30.66,Fail,Poor,High
S0075,Aarav,Male,Mechanical,4,27,35,18,80,8.0,B,74,88,32,1,5.5,59,67,83,86,52,74,57,45,26.67,Fail,53.34,Pass,Average,Low
S0076,Vaishnavi,Female,IT,4,23,51,18,92,9.2,A,64,76,44,10,2.8,100,30,82,56,90,55,44,59,30.67,Fail,61.34,Pass,Excellent,Low
S0077,Simran,Female,ENTC,7,24,52,14,90,9.0,A,90,108,12,6,4.4,100,77,54,68,82,55,63,70,30.0,Fail,60.0,Pass,Excellent,Low
S0078,Riya,Female,CSE,6,12,51,14,77,7.7,B,100,120,0,2,2.6,82,59,50,60,58,84,44,59,25.67,Fail,51.34,Pass,Average,Low
S0079,Pooja,Female,Mechanical,1,19,35,12,66,6.6,C,66,79,41,1,0.7,68,79,53,68,57,82,55,43,22.0,Fail,44.0,Pass,Poor,Medium
S0080,Vaishnavi,Female,Civil,2,21,60,19,100,10.0,A,55,66,54,12,5.8,88,78,54,77,60,67,70,72,33.33,Fail,66.66,Pass,Excellent,High
S0081,Aarav,Male,CSE,5,29,39,21,89,8.9,A,75,90,30,8,7.7,85,59,61,80,100,100,69,97,29.67,Fail,59.34,Pass,Excellent,Low
S0082,Nikhil,Male,ENTC,3,10,44,14,68,6.8,C,49,58,62,14,2.6,77,56,49,72,78,86,43,66,22.67,Fail,45.34,Pass,Poor,High
S0083,Khushi,Female,IT,8,27,52,18,97,9.7,A,84,100,20,9,5.0,91,47,93,68,68,91,54,73,32.33,Fail,64.66,Pass,Excellent,Low
S0084,Sakshi,Female,CSE,3,21,40,19,80,8.0,B,51,61,59,10,1.6,96,30,43,32,72,31,88,30,26.67,Fail,53.34,Pass,Average,High
S0085,Kavya,Female,CSE,2,30,70,21,121,10.0,A,100,120,0,0,5.5,100,70,71,41,100,55,74,56,40.33,Fail,70.16,Pass,Excellent,Low
S0086,Aditya,Male,CSE,5,5,10,11,26,3.5,D,35,42,78,3,0.5,63,98,50,30,56,49,75,57,8.67,Fail,21.84,Fail,Poor,High
S0087,Rahul,Male,ENTC,7,14,40,17,71,7.1,B,52,62,58,11,3.5,100,82,70,62,82,61,43,59,23.67,Fail,47.34,Pass,Average,High
S0088,Harsh,Male,CSE,4,15,53,20,88,8.8,A,91,109,11,4,1.8,95,73,61,51,46,86,49,47,29.33,Fail,58.66,Pass,Excellent,Low
S0089,Riya,Female,CSE,3,13,48,15,76,7.6,B,62,74,46,6,6.5,100,76,69,76,55,100,62,86,25.33,Fail,50.66,Pass,Average,Low
S0090,Anushka,Female,Civil,4,20,63,19,102,10.0,A,85,102,18,0,3.8,100,85,56,31,49,48,75,64,34.0,Fail,67.0,Pass,Excellent,Low
S0091,Vihaan,Male,ENTC,6,27,32,24,83,8.3,B,70,84,36,9,4.2,90,93,71,55,94,75,60,49,27.67,Fail,55.34,Pass,Average,Low
S0092,Saurabh,Male,CSE,1,8,28,7,43,4.3,D,44,52,68,6,1.7,59,89,51,63,31,30,70,64,14.33,Fail,28.66,Fail,Poor,High
S0093,Rohan,Male,Civil,8,25,29,12,66,6.6,C,72,86,34,7,5.4,100,98,63,63,84,79,85,61,22.0,Fail,44.0,Pass,Poor,Medium
S0094,Om,Male,Electrical,7,25,40,9,74,7.4,B,68,81,39,9,1.3,68,38,50,52,66,61,84,56,24.67,Fail,49.34,Pass,Average,Medium
S0095,Anushka,Female,Civil,5,5,10,10,25,3.5,D,35,42,78,7,1.3,55,88,30,62,65,70,74,88,8.33,Fail,21.66,Fail,Poor,High
S0096,Nandini,Female,IT,3,12,34,13,59,5.9,D,68,81,39,3,1.5,55,91,53,51,70,100,76,58,19.67,Fail,39.34,Pass,Poor,High
S0097,Atharva,Male,IT,1,23,56,18,97,9.7,A,78,93,27,4,3.2,54,47,71,74,80,49,70,30,32.33,Fail,64.66,Pass,Excellent,Low
S0098,Sakshi,Female,IT,1,21,27,14,62,6.2,C,79,94,26,9,1.6,63,32,68,66,70,64,33,58,20.67,Fail,41.34,Pass,Poor,Medium
S0099,Palak,Female,Civil,4,23,29,15,67,6.7,C,53,63,57,9,6.8,90,100,95,30,100,89,49,66,22.33,Fail,44.66,Pass,Poor,High
S0100,Meera,Female,IT,3,30,66,18,114,10.0,A,80,96,24,3,8.8,100,68,68,85,95,100,78,84,38.0,Fail,69.0,Pass,Excellent,Low
S0101,Kunal,Male,ENTC,6,15,45,21,81,8.1,B,96,115,5,1,4.6,83,100,58,88,43,52,60,45,27.0,Fail,54.0,Pass,Average,Low
S0102,Sakshi,Female,IT,1,30,60,30,120,10.0,A,88,105,15,6,6.3,69,90,95,76,71,88,77,69,40.0,Fail,70.0,Pass,Excellent,Low
S0103,Prachi,Female,IT,1,23,40,15,78,7.8,B,60,72,48,2,2.3,100,100,54,30,56,71,46,47,26.0,Fail,52.0,Pass,Average,Low
S0104,Kunal,Male,Mechanical,5,9,43,7,59,5.9,D,67,80,40,6,1.4,70,83,54,62,59,30,49,30,19.67,Fail,39.34,Pass,Poor,High
S0105,Rahul,Male,Civil,1,22,28,24,74,7.4,B,62,74,46,8,5.5,76,87,95,67,51,71,93,82,24.67,Fail,49.34,Pass,Average,Medium
S0106,Shubham,Male,IT,7,8,12,20,40,4.0,D,46,55,65,7,0.7,58,44,74,39,65,39,55,42,13.33,Fail,26.66,Fail,Poor,High
S0107,Riya,Female,CSE,5,8,32,10,50,5.0,D,35,42,78,3,2.2,45,84,49,44,42,30,78,59,16.67,Fail,33.34,Pass,Poor,High
S0108,Siddharth,Male,Civil,3,5,10,13,28,3.5,D,70,84,36,3,0.5,70,59,81,30,32,31,36,38,9.33,Fail,22.16,Fail,Poor,High
S0109,Anushka,Female,Electrical,8,12,42,19,73,7.3,B,49,58,62,6,1.8,78,54,75,51,45,38,63,69,24.33,Fail,48.66,Pass,Average,High
S0110,Aman,Male,CSE,7,28,49,19,96,9.6,A,83,99,21,9,5.6,94,75,30,76,72,81,41,100,32.0,Fail,64.0,Pass,Excellent,Low
S0111,Rohan,Male,Electrical,4,25,54,19,98,9.8,A,71,85,35,5,2.9,100,83,69,65,30,58,69,71,32.67,Fail,65.34,Pass,Excellent,Low
S0112,Aditya,Male,IT,6,18,51,20,89,8.9,A,72,86,34,13,3.8,83,83,30,65,69,61,69,57,29.67,Fail,59.34,Pass,Excellent,Low
S0113,Anushka,Female,Civil,1,14,10,14,38,3.8,D,35,42,78,5,1.1,78,54,55,82,33,43,55,57,12.67,Fail,25.34,Fail,Poor,High
S0114,Kunal,Male,Mechanical,5,26,34,15,75,7.5,B,62,74,46,0,3.1,63,32,50,72,100,82,42,55,25.0,Fail,50.0,Pass,Average,Low
S0115,Aman,Male,Electrical,2,8,32,11,51,5.1,D,52,62,58,5,2.4,69,80,64,56,32,58,90,65,17.0,Fail,34.0,Pass,Poor,High
S0116,Anushka,Female,ENTC,2,12,42,15,69,6.9,C,60,72,48,14,1.6,45,79,42,79,75,43,66,41,23.0,Fail,46.0,Pass,Poor,Medium
S0117,Saurabh,Male,IT,8,12,41,5,58,5.8,D,56,67,53,12,2.6,39,73,81,71,64,89,81,72,19.33,Fail,38.66,Pass,Poor,High
S0118,Rohan,Male,Mechanical,5,23,37,9,69,6.9,C,48,57,63,4,2.3,83,61,33,63,87,79,53,68,23.0,Fail,46.0,Pass,Poor,High
S0119,Siddharth,Male,CSE,3,21,36,11,68,6.8,C,62,74,46,3,3.9,100,83,58,95,70,100,52,75,22.67,Fail,45.34,Pass,Poor,Medium
S0120,Anushka,Female,Civil,3,17,39,11,67,6.7,C,70,84,36,1,2.8,86,62,56,42,100,100,70,52,22.33,Fail,44.66,Pass,Poor,Medium
S0121,Tanish,Male,Mechanical,5,16,25,13,54,5.4,D,46,55,65,7,2.2,67,93,31,48,79,54,53,66,18.0,Fail,36.0,Pass,Poor,High
S0122,Pooja,Female,ENTC,5,19,44,16,79,7.9,B,71,85,35,7,2.6,84,62,57,80,61,67,30,67,26.33,Fail,52.66,Pass,Average,Low
S0123,Sneha,Female,CSE,4,30,49,22,101,10.0,A,74,88,32,8,6.0,80,92,40,68,85,55,58,83,33.67,Fail,66.84,Pass,Excellent,Low
S0124,Prachi,Female,CSE,5,23,29,13,65,6.5,C,68,81,39,10,3.9,67,77,49,59,100,44,72,49,21.67,Fail,43.34,Pass,Poor,Medium
S0125,Tanvi,Female,ENTC,7,14,18,10,42,4.2,D,72,86,34,14,2.2,84,52,50,63,65,59,43,46,14.0,Fail,28.0,Fail,Poor,High
S0126,Aman,Male,Civil,2,30,57,22,109,10.0,A,64,76,44,8,6.3,58,100,78,73,63,91,61,100,36.33,Fail,68.16,Pass,Excellent,Low
S0127,Simran,Female,ENTC,3,14,49,15,78,7.8,B,76,91,29,0,1.0,56,49,30,60,64,61,41,68,26.0,Fail,52.0,Pass,Average,Low
S0128,Diya,Female,CSE,6,23,57,12,92,9.2,A,58,69,51,12,4.1,99,71,41,95,56,95,69,72,30.67,Fail,61.34,Pass,Excellent,High
S0129,Shruti,Female,Mechanical,1,7,30,12,49,4.9,D,71,85,35,9,0.5,96,77,65,54,60,47,30,39,16.33,Fail,32.66,Fail,Poor,High
S0130,Aditi,Female,Electrical,8,30,59,19,108,10.0,A,80,96,24,10,5.0,83,81,66,54,84,75,76,62,36.0,Fail,68.0,Pass,Excellent,Low
S0131,Saurabh,Male,Mechanical,6,28,45,9,82,8.2,B,81,97,23,3,2.5,56,65,95,80,77,40,71,43,27.33,Fail,54.66,Pass,Average,Low
S0132,Om,Male,ENTC,1,30,65,25,120,10.0,A,86,103,17,1,6.8,92,71,86,61,70,55,83,82,40.0,Fail,70.0,Pass,Excellent,Low
S0133,Neha,Female,CSE,4,21,29,15,65,6.5,C,71,85,35,0,4.5,78,69,75,82,86,64,75,37,21.67,Fail,43.34,Pass,Poor,Medium
S0134,Palak,Female,ENTC,2,14,42,13,69,6.9,C,74,88,32,13,2.2,84,85,49,60,63,55,35,62,23.0,Fail,46.0,Pass,Poor,Medium
S0135,Ritik,Male,ENTC,7,21,31,16,68,6.8,C,43,51,69,0,4.8,100,62,73,52,88,59,77,43,22.67,Fail,45.34,Pass,Poor,High
S0136,Neha,Female,CSE,1,5,39,16,60,6.0,C,60,72,48,0,1.1,51,70,71,67,82,71,40,43,20.0,Fail,40.0,Pass,Poor,Medium
S0137,Tanish,Male,ENTC,7,25,65,15,105,10.0,A,100,120,0,2,7.9,84,100,86,68,100,100,78,68,35.0,Fail,67.5,Pass,Excellent,Low
S0138,Tanish,Male,ENTC,7,20,55,19,94,9.4,A,68,81,39,3,6.1,86,86,95,56,77,90,66,65,31.33,Fail,62.66,Pass,Excellent,Low
S0139,Saurabh,Male,Electrical,2,22,60,24,106,10.0,A,76,91,29,13,3.3,79,72,56,47,51,72,62,41,35.33,Fail,67.66,Pass,Excellent,Low
S0140,Sakshi,Female,Civil,3,23,38,19,80,8.0,B,35,42,78,3,5.4,70,67,40,66,79,86,62,83,26.67,Fail,53.34,Pass,Average,High
S0141,Aarav,Male,Civil,3,27,14,14,55,5.5,D,87,104,16,6,1.3,67,60,66,86,61,97,49,63,18.33,Fail,36.66,Pass,Poor,High
S0142,Riya,Female,ENTC,5,12,12,6,30,3.5,D,59,70,50,13,0.5,46,72,49,49,49,80,40,30,10.0,Fail,22.5,Fail,Poor,High
S0143,Tanvi,Female,Mechanical,4,18,57,13,88,8.8,A,49,58,62,13,2.1,81,69,30,53,31,94,64,44,29.33,Fail,58.66,Pass,Excellent,High
S0144,Simran,Female,CSE,3,11,24,17,52,5.2,D,61,73,47,6,1.6,57,82,57,30,86,51,72,30,17.33,Fail,34.66,Pass,Poor,High
S0145,Aditya,Male,Civil,8,9,10,13,32,3.5,D,47,56,64,6,1.5,51,47,31,64,30,59,60,45,10.67,Fail,22.84,Fail,Poor,High
S0146,Aditi,Female,ENTC,8,17,37,16,70,7.0,B,63,75,45,10,1.5,63,100,30,53,69,52,60,54,23.33,Fail,46.66,Pass,Average,Medium
S0147,Aditya,Male,IT,2,23,45,16,84,8.4,B,72,86,34,4,1.3,83,55,30,70,87,51,50,65,28.0,Fail,56.0,Pass,Average,Low
S0148,Pranav,Male,ENTC,4,29,49,19,97,9.7,A,87,104,16,4,4.0,62,84,58,66,59,44,52,74,32.33,Fail,64.66,Pass,Excellent,Low
S0149,Shubham,Male,CSE,7,22,57,20,99,9.9,A,75,90,30,2,5.9,100,50,82,64,76,57,59,53,33.0,Fail,66.0,Pass,Excellent,Low
S0150,Pranav,Male,Mechanical,5,14,18,5,37,3.7,D,52,62,58,8,0.5,71,51,52,83,67,71,49,30,12.33,Fail,24.66,Fail,Poor,High
S0151,Sneha,Female,ENTC,6,16,25,13,54,5.4,D,47,56,64,1,0.5,64,87,66,44,75,44,63,53,18.0,Fail,36.0,Pass,Poor,High
S0152,Saurabh,Male,CSE,5,5,31,13,49,4.9,D,35,42,78,13,2.5,72,99,48,30,89,68,50,71,16.33,Fail,32.66,Fail,Poor,High
S0153,Anushka,Female,Electrical,8,6,30,9,45,4.5,D,54,64,56,14,0.8,93,81,53,30,68,47,70,56,15.0,Fail,30.0,Fail,Poor,High
S0154,Tanish,Male,IT,1,9,37,13,59,5.9,D,96,115,5,13,4.1,100,78,45,82,77,81,62,64,19.67,Fail,39.34,Pass,Poor,High
S0155,Anushka,Female,CSE,2,27,53,14,94,9.4,A,93,111,9,3,7.1,97,82,61,78,57,83,100,72,31.33,Fail,62.66,Pass,Excellent,Low
S0156,Prachi,Female,Mechanical,4,18,15,12,45,4.5,D,57,68,52,14,1.5,70,53,78,72,68,30,54,68,15.0,Fail,30.0,Fail,Poor,High
S0157,Aarav,Male,IT,2,12,36,11,59,5.9,D,62,74,46,5,3.3,65,100,78,47,73,30,55,30,19.67,Fail,39.34,Pass,Poor,High
S0158,Atharva,Male,CSE,3,23,49,25,97,9.7,A,63,75,45,5,5.1,47,100,75,65,76,88,68,81,32.33,Fail,64.66,Pass,Excellent,Low
S0159,Atharva,Male,Electrical,5,10,55,16,81,8.1,B,59,70,50,12,5.4,93,100,62,79,87,68,57,86,27.0,Fail,54.0,Pass,Average,High
S0160,Prachi,Female,Electrical,2,29,47,16,92,9.2,A,100,120,0,0,5.1,100,69,50,47,57,100,52,81,30.67,Fail,61.34,Pass,Excellent,Low
S0161,Ananya,Female,Civil,4,29,70,30,129,10.0,A,88,105,15,7,6.5,72,84,95,83,48,87,85,81,43.0,Fail,71.5,Pass,Excellent,Low
S0162,Ritik,Male,Civil,1,29,32,13,74,7.4,B,49,58,62,2,2.6,76,62,79,93,53,54,56,58,24.67,Fail,49.34,Pass,Average,High
S0163,Simran,Female,Mechanical,5,16,65,19,100,10.0,A,78,93,27,1,3.5,100,69,70,91,79,35,64,70,33.33,Fail,66.66,Pass,Excellent,Low
S0164,Aditi,Female,Civil,4,17,21,11,49,4.9,D,36,43,77,2,1.8,100,100,57,63,35,31,84,39,16.33,Fail,32.66,Fail,Poor,High
S0165,Saurabh,Male,Mechanical,5,26,65,18,109,10.0,A,54,64,56,13,4.1,78,50,60,87,60,65,54,75,36.33,Fail,68.16,Pass,Excellent,High
S0166,Om,Male,Mechanical,7,22,67,11,100,10.0,A,96,115,5,5,2.4,49,74,40,81,65,74,63,54,33.33,Fail,66.66,Pass,Excellent,Low
S0167,Aarav,Male,Electrical,7,27,34,8,69,6.9,C,100,120,0,8,1.4,43,81,51,88,64,70,60,66,23.0,Fail,46.0,Pass,Poor,Medium
S0168,Riya,Female,CSE,6,5,16,9,30,3.5,D,35,42,78,4,0.9,37,98,70,30,63,30,40,39,10.0,Fail,22.5,Fail,Poor,High
S0169,Pooja,Female,IT,1,27,54,27,108,10.0,A,100,120,0,12,5.3,88,100,79,69,84,65,71,92,36.0,Fail,68.0,Pass,Excellent,Low
S0170,Arjun,Male,IT,8,29,45,30,104,10.0,A,91,109,11,8,6.9,100,74,93,60,79,100,73,56,34.67,Fail,67.34,Pass,Excellent,Low
S0171,Rahul,Male,IT,8,22,28,11,61,6.1,C,53,63,57,4,2.1,35,59,30,41,30,30,50,59,20.33,Fail,40.66,Pass,Poor,High
S0172,Tanvi,Female,CSE,8,16,70,18,104,10.0,A,79,94,26,8,5.6,100,89,30,66,54,49,99,79,34.67,Fail,67.34,Pass,Excellent,Low
S0173,Kunal,Male,Mechanical,7,30,59,24,113,10.0,A,87,104,16,13,5.5,98,48,60,75,83,59,41,93,37.67,Fail,68.84,Pass,Excellent,Low
S0174,Saurabh,Male,Mechanical,1,16,57,15,88,8.8,A,63,75,45,0,3.9,50,91,39,58,98,100,56,40,29.33,Fail,58.66,Pass,Excellent,Low
S0175,Pranav,Male,Mechanical,1,30,62,8,100,10.0,A,79,94,26,13,3.3,100,65,76,30,70,62,47,74,33.33,Fail,66.66,Pass,Excellent,Low
S0176,Khushi,Female,Mechanical,6,6,31,9,46,4.6,D,36,43,77,4,0.5,76,47,45,52,68,58,46,39,15.33,Fail,30.66,Fail,Poor,High
S0177,Pranav,Male,ENTC,4,30,60,30,120,10.0,A,74,88,32,7,8.2,80,91,70,82,59,86,74,59,40.0,Fail,70.0,Pass,Excellent,Low
S0178,Khushi,Female,CSE,5,30,61,28,119,10.0,A,86,103,17,9,4.9,73,62,49,86,77,75,97,52,39.67,Fail,69.84,Pass,Excellent,Low
S0179,Ananya,Female,Mechanical,3,17,34,11,62,6.2,C,67,80,40,10,0.5,76,81,30,30,31,60,63,41,20.67,Fail,41.34,Pass,Poor,Medium
S0180,Saurabh,Male,ENTC,2,30,54,26,110,10.0,A,86,103,17,1,5.0,100,100,88,91,87,69,82,55,36.67,Fail,68.34,Pass,Excellent,Low
S0181,Aman,Male,Civil,4,25,69,25,119,10.0,A,100,120,0,2,6.7,100,61,67,92,81,86,84,40,39.67,Fail,69.84,Pass,Excellent,Low
S0182,Riya,Female,Mechanical,2,15,40,17,72,7.2,B,58,69,51,6,2.9,39,76,69,33,52,81,100,56,24.0,Fail,48.0,Pass,Average,High
S0183,Kunal,Male,ENTC,8,14,34,20,68,6.8,C,89,106,14,11,4.4,100,83,72,71,46,87,79,41,22.67,Fail,45.34,Pass,Poor,Medium
S0184,Anushka,Female,Electrical,8,16,43,12,71,7.1,B,70,84,36,7,2.2,61,54,71,72,52,84,75,54,23.67,Fail,47.34,Pass,Average,Medium
S0185,Atharva,Male,Electrical,7,5,13,5,23,3.5,D,35,42,78,5,0.7,71,75,30,33,50,60,64,38,7.67,Fail,21.34,Fail,Poor,High
S0186,Ritik,Male,Mechanical,2,12,37,16,65,6.5,C,58,69,51,11,5.5,85,41,89,46,85,69,86,85,21.67,Fail,43.34,Pass,Poor,High
S0187,Kunal,Male,Electrical,2,17,25,12,54,5.4,D,59,70,50,12,3.0,64,87,72,61,46,48,94,90,18.0,Fail,36.0,Pass,Poor,High
S0188,Ananya,Female,ENTC,6,22,51,11,84,8.4,B,78,93,27,7,2.2,81,100,39,41,53,66,53,73,28.0,Fail,56.0,Pass,Average,Low
S0189,Nandini,Female,Electrical,6,19,50,25,94,9.4,A,74,88,32,4,4.4,89,75,62,77,58,63,90,78,31.33,Fail,62.66,Pass,Excellent,Low
S0190,Akash,Male,Electrical,2,30,41,30,101,10.0,A,84,100,20,5,3.7,100,83,30,84,66,78,50,54,33.67,Fail,66.84,Pass,Excellent,Low
S0191,Shubham,Male,Mechanical,8,19,51,8,78,7.8,B,59,70,50,6,5.4,55,90,47,34,93,58,99,30,26.0,Fail,52.0,Pass,Average,High
S0192,Aditi,Female,Mechanical,3,14,24,16,54,5.4,D,49,58,62,13,1.0,35,97,45,72,56,42,46,39,18.0,Fail,36.0,Pass,Poor,High
S0193,Ritik,Male,Electrical,5,16,54,24,94,9.4,A,71,85,35,8,4.7,82,62,80,75,98,54,96,37,31.33,Fail,62.66,Pass,Excellent,Low
S0194,Rohan,Male,ENTC,6,17,43,19,79,7.9,B,49,58,62,13,2.2,60,36,58,95,55,73,49,71,26.33,Fail,52.66,Pass,Average,High
S0195,Atharva,Male,Civil,4,11,49,10,70,7.0,B,76,91,29,9,3.4,59,94,49,95,69,83,35,55,23.33,Fail,46.66,Pass,Average,Medium
S0196,Aarav,Male,Mechanical,2,5,23,10,38,3.8,D,36,43,77,11,3.4,100,78,85,83,51,44,48,56,12.67,Fail,25.34,Fail,Poor,High
S0197,Palak,Female,IT,7,10,37,11,58,5.8,D,55,66,54,4,4.2,92,94,75,62,65,77,38,46,19.33,Fail,38.66,Pass,Poor,High
S0198,Aditi,Female,Civil,2,22,13,6,41,4.1,D,58,69,51,13,3.0,80,60,50,87,78,73,49,69,13.67,Fail,27.34,Fail,Poor,High
S0199,Diya,Female,Mechanical,8,20,61,15,96,9.6,A,73,87,33,10,5.1,56,100,93,65,91,76,44,68,32.0,Fail,64.0,Pass,Excellent,Low
S0200,Pranav,Male,Mechanical,8,22,69,20,111,10.0,A,56,67,53,5,4.0,50,91,63,57,91,56,73,64,37.0,Fail,68.5,Pass,Excellent,High
S0201,Aarav,Male,ENTC,5,22,46,8,76,7.6,B,100,120,0,6,1.5,84,57,78,46,62,57,62,31,25.33,Fail,50.66,Pass,Average,Low
S0202,Shruti,Female,ENTC,5,19,38,23,80,8.0,B,60,72,48,4,3.0,91,100,36,40,58,61,71,54,26.67,Fail,53.34,Pass,Average,Low
S0203,Tanvi,Female,IT,3,11,30,14,55,5.5,D,42,50,70,4,3.6,86,56,58,59,64,72,80,47,18.33,Fail,36.66,Pass,Poor,High
S0204,Shubham,Male,ENTC,4,21,35,23,79,7.9,B,60,72,48,0,4.5,100,67,70,50,64,66,50,53,26.33,Fail,52.66,Pass,Average,Low
S0205,Vaishnavi,Female,ENTC,4,22,33,21,76,7.6,B,68,81,39,4,3.7,79,30,51,84,56,68,39,74,25.33,Fail,50.66,Pass,Average,Low
S0206,Harsh,Male,Electrical,2,26,50,26,102,10.0,A,71,85,35,1,3.5,94,70,48,59,42,51,69,51,34.0,Fail,67.0,Pass,Excellent,Low
S0207,Ritik,Male,CSE,8,5,10,7,22,3.5,D,35,42,78,11,0.5,76,80,50,49,63,74,30,54,7.33,Fail,21.16,Fail,Poor,High
S0208,Pooja,Female,CSE,5,7,24,18,49,4.9,D,51,61,59,13,2.2,100,54,71,62,76,40,49,30,16.33,Fail,32.66,Fail,Poor,High
S0209,Ritik,Male,IT,4,30,68,17,115,10.0,A,100,120,0,3,6.7,100,94,83,65,65,43,64,58,38.33,Fail,69.16,Pass,Excellent,Low
S0210,Arjun,Male,Mechanical,5,17,20,11,48,4.8,D,35,42,78,3,2.5,100,78,56,59,65,57,59,49,16.0,Fail,32.0,Fail,Poor,High
S0211,Tanvi,Female,IT,1,15,38,19,72,7.2,B,45,54,66,9,4.0,79,82,44,38,71,64,30,37,24.0,Fail,48.0,Pass,Average,High
S0212,Pranav,Male,CSE,4,25,60,20,105,10.0,A,80,96,24,14,2.4,62,63,54,55,74,56,30,71,35.0,Fail,67.5,Pass,Excellent,Low
S0213,Atharva,Male,CSE,6,11,24,17,52,5.2,D,52,62,58,4,1.1,88,68,74,43,38,40,57,85,17.33,Fail,34.66,Pass,Poor,High
S0214,Shubham,Male,Civil,5,9,30,22,61,6.1,C,72,86,34,6,3.6,100,84,77,50,100,64,47,48,20.33,Fail,40.66,Pass,Poor,Medium
S0215,Om,Male,Mechanical,8,5,20,5,30,3.5,D,59,70,50,14,0.9,48,98,50,30,78,51,60,30,10.0,Fail,22.5,Fail,Poor,High
S0216,Siddharth,Male,Mechanical,3,30,41,17,88,8.8,A,77,92,28,0,5.5,65,96,84,92,67,67,52,67,29.33,Fail,58.66,Pass,Excellent,Low
S0217,Arjun,Male,Mechanical,5,17,33,27,77,7.7,B,67,80,40,7,3.6,88,30,67,50,80,66,60,54,25.67,Fail,51.34,Pass,Average,Low
S0218,Simran,Female,Mechanical,1,15,38,17,70,7.0,B,71,85,35,0,1.9,72,94,57,39,32,54,43,43,23.33,Fail,46.66,Pass,Average,Medium
S0219,Riya,Female,Mechanical,7,14,29,9,52,5.2,D,37,44,76,4,0.7,68,59,30,30,50,48,64,75,17.33,Fail,34.66,Pass,Poor,High
S0220,Akash,Male,Mechanical,7,25,50,21,96,9.6,A,75,90,30,10,4.4,91,80,79,44,60,51,48,93,32.0,Fail,64.0,Pass,Excellent,Low
S0221,Palak,Female,IT,7,23,70,25,118,10.0,A,91,109,11,0,6.8,46,92,95,95,66,80,58,66,39.33,Fail,69.66,Pass,Excellent,Low
S0222,Nandini,Female,Civil,6,27,47,15,89,8.9,A,66,79,41,13,5.1,71,80,86,64,53,77,65,73,29.67,Fail,59.34,Pass,Excellent,Low
S0223,Nikhil,Male,CSE,1,16,50,21,87,8.7,A,66,79,41,12,2.2,76,70,59,40,55,55,59,46,29.0,Fail,58.0,Pass,Excellent,Low
S0224,Vaishnavi,Female,CSE,6,23,64,18,105,10.0,A,51,61,59,10,2.8,98,57,74,80,74,47,80,53,35.0,Fail,67.5,Pass,Excellent,High
S0225,Saurabh,Male,ENTC,5,21,37,22,80,8.0,B,73,87,33,7,3.9,94,95,30,54,54,39,63,44,26.67,Fail,53.34,Pass,Average,Low
S0226,Ritik,Male,CSE,2,29,52,12,93,9.3,A,71,85,35,13,4.8,83,86,55,55,64,46,69,62,31.0,Fail,62.0,Pass,Excellent,Low
S0227,Aarav,Male,ENTC,3,10,44,12,66,6.6,C,60,72,48,13,3.2,55,67,43,75,61,85,63,91,22.0,Fail,44.0,Pass,Poor,Medium
S0228,Ananya,Female,CSE,7,9,62,21,92,9.2,A,69,82,38,7,1.1,64,51,38,52,30,30,74,60,30.67,Fail,61.34,Pass,Excellent,Low
S0229,Shubham,Male,Electrical,4,20,45,21,86,8.6,A,55,66,54,1,6.2,100,100,75,59,74,100,78,78,28.67,Fail,57.34,Pass,Excellent,High
S0230,Akash,Male,Mechanical,3,23,64,30,117,10.0,A,57,68,52,10,4.7,91,77,82,57,65,66,44,68,39.0,Fail,69.5,Pass,Excellent,High
S0231,Vihaan,Male,Mechanical,3,21,33,13,67,6.7,C,69,82,38,11,4.3,72,57,65,88,61,66,30,52,22.33,Fail,44.66,Pass,Poor,Medium
S0232,Shubham,Male,IT,4,19,33,18,70,7.0,B,61,73,47,8,2.4,74,66,38,41,73,60,45,47,23.33,Fail,46.66,Pass,Average,Medium
S0233,Kunal,Male,Electrical,6,6,36,7,49,4.9,D,79,94,26,7,0.5,72,94,45,45,64,84,42,71,16.33,Fail,32.66,Fail,Poor,High
S0234,Simran,Female,Civil,5,29,58,13,100,10.0,A,82,98,22,3,4.3,85,56,56,83,72,41,53,47,33.33,Fail,66.66,Pass,Excellent,Low
S0235,Om,Male,Mechanical,7,21,68,16,105,10.0,A,86,103,17,8,4.8,100,61,33,30,90,43,58,60,35.0,Fail,67.5,Pass,Excellent,Low
S0236,Kavya,Female,IT,1,21,55,11,87,8.7,A,92,110,10,8,1.8,56,73,76,57,82,58,55,53,29.0,Fail,58.0,Pass,Excellent,Low
S0237,Shruti,Female,Mechanical,4,7,22,10,39,3.9,D,61,73,47,8,2.2,87,55,31,61,70,36,68,50,13.0,Fail,26.0,Fail,Poor,High
S0238,Vaishnavi,Female,IT,8,21,12,16,49,4.9,D,79,94,26,4,2.5,86,83,32,49,63,41,40,75,16.33,Fail,32.66,Fail,Poor,High
S0239,Aman,Male,IT,6,29,51,15,95,9.5,A,69,82,38,1,3.7,100,81,54,38,57,48,66,77,31.67,Fail,63.34,Pass,Excellent,Low
S0240,Aman,Male,Mechanical,1,21,58,18,97,9.7,A,74,88,32,2,4.2,70,68,73,70,87,84,53,76,32.33,Fail,64.66,Pass,Excellent,Low
S0241,Akash,Male,Electrical,6,19,70,18,107,10.0,A,64,76,44,9,5.6,91,75,44,74,73,78,74,83,35.67,Fail,67.84,Pass,Excellent,Low
S0242,Vihaan,Male,Civil,7,5,25,12,42,4.2,D,35,42,78,9,0.5,74,46,61,91,83,66,30,45,14.0,Fail,28.0,Fail,Poor,High
S0243,Aditya,Male,Civil,2,9,38,5,52,5.2,D,67,80,40,2,6.1,97,100,88,95,81,96,48,54,17.33,Fail,34.66,Pass,Poor,High
S0244,Anushka,Female,ENTC,3,21,33,17,71,7.1,B,86,103,17,3,3.6,64,80,52,76,69,45,48,47,23.67,Fail,47.34,Pass,Average,Medium
S0245,Nandini,Female,Civil,5,5,21,16,42,4.2,D,66,79,41,3,2.7,100,84,57,57,73,78,53,70,14.0,Fail,28.0,Fail,Poor,High
S0246,Anushka,Female,Mechanical,3,21,51,10,82,8.2,B,76,91,29,13,3.1,72,61,51,65,66,70,72,50,27.33,Fail,54.66,Pass,Average,Low
S0247,Palak,Female,IT,5,23,43,29,95,9.5,A,70,84,36,8,6.6,73,75,76,94,55,70,70,85,31.67,Fail,63.34,Pass,Excellent,Low
S0248,Saurabh,Male,ENTC,6,16,25,7,48,4.8,D,67,80,40,11,2.0,37,100,73,81,85,50,58,43,16.0,Fail,32.0,Fail,Poor,High
S0249,Rahul,Male,Mechanical,3,24,41,23,88,8.8,A,69,82,38,3,6.5,91,74,76,76,75,92,54,100,29.33,Fail,58.66,Pass,Excellent,Low
S0250,Sakshi,Female,IT,5,25,15,10,50,5.0,D,100,120,0,0,2.4,82,66,60,61,38,61,30,35,16.67,Fail,33.34,Pass,Poor,High
S0251,Aarav,Male,Electrical,6,14,37,11,62,6.2,C,84,100,20,14,4.0,65,88,54,69,90,38,90,72,20.67,Fail,41.34,Pass,Poor,Medium
S0252,Rahul,Male,ENTC,7,30,70,19,119,10.0,A,91,109,11,12,6.0,71,79,71,95,76,93,65,77,39.67,Fail,69.84,Pass,Excellent,Low
S0253,Anushka,Female,ENTC,3,15,20,5,40,4.0,D,45,54,66,14,2.6,94,75,95,76,35,83,46,75,13.33,Fail,26.66,Fail,Poor,High
S0254,Akash,Male,Mechanical,4,10,22,16,48,4.8,D,42,50,70,4,3.0,75,88,63,56,79,50,35,78,16.0,Fail,32.0,Fail,Poor,High
S0255,Tanish,Male,ENTC,5,15,15,14,44,4.4,D,35,42,78,5,2.5,79,59,51,31,35,64,69,41,14.67,Fail,29.34,Fail,Poor,High
S0256,Pooja,Female,Electrical,1,29,47,15,91,9.1,A,88,105,15,2,5.4,82,83,30,76,63,94,67,59,30.33,Fail,60.66,Pass,Excellent,Low
S0257,Saurabh,Male,ENTC,7,10,10,17,37,3.7,D,51,61,59,14,2.8,98,50,71,45,73,85,71,50,12.33,Fail,24.66,Fail,Poor,High
S0258,Ananya,Female,CSE,3,19,45,17,81,8.1,B,80,96,24,2,2.5,76,48,53,42,55,79,70,58,27.0,Fail,54.0,Pass,Average,Low
S0259,Saurabh,Male,CSE,1,15,29,21,65,6.5,C,45,54,66,8,1.0,61,82,43,30,61,79,50,40,21.67,Fail,43.34,Pass,Poor,High
S0260,Neha,Female,ENTC,2,27,56,12,95,9.5,A,85,102,18,5,4.6,69,87,80,65,30,44,70,93,31.67,Fail,63.34,Pass,Excellent,Low
S0261,Ritik,Male,Mechanical,5,23,50,18,91,9.1,A,91,109,11,1,4.0,59,94,70,52,30,57,70,69,30.33,Fail,60.66,Pass,Excellent,Low
S0262,Aarav,Male,ENTC,8,24,66,22,112,10.0,A,83,99,21,10,7.5,76,93,63,82,85,94,50,64,37.33,Fail,68.66,Pass,Excellent,Low
S0263,Siddharth,Male,IT,3,19,55,10,84,8.4,B,72,86,34,8,7.2,84,61,67,69,100,82,67,93,28.0,Fail,56.0,Pass,Average,Low
S0264,Tanish,Male,Electrical,3,26,70,15,111,10.0,A,66,79,41,5,6.1,84,80,66,80,73,63,93,92,37.0,Fail,68.5,Pass,Excellent,Low
S0265,Vaishnavi,Female,CSE,1,13,29,17,59,5.9,D,71,85,35,1,1.7,67,100,84,46,49,65,78,61,19.67,Fail,39.34,Pass,Poor,High
S0266,Riya,Female,Civil,8,30,12,11,53,5.3,D,75,90,30,0,0.5,87,72,42,52,30,46,50,39,17.67,Fail,35.34,Pass,Poor,High
S0267,Saurabh,Male,CSE,1,30,65,27,122,10.0,A,100,120,0,9,9.0,86,100,71,95,65,79,68,100,40.67,Fail,70.34,Pass,Excellent,Low
S0268,Sakshi,Female,IT,4,12,48,24,84,8.4,B,83,99,21,13,3.3,81,55,73,51,92,40,53,88,28.0,Fail,56.0,Pass,Average,Low
S0269,Aditya,Male,CSE,4,25,60,23,108,10.0,A,70,84,36,5,4.8,100,54,49,81,32,91,61,50,36.0,Fail,68.0,Pass,Excellent,Low
S0270,Aman,Male,Civil,7,26,44,14,84,8.4,B,93,111,9,11,1.6,68,45,58,30,58,52,82,48,28.0,Fail,56.0,Pass,Average,Low
S0271,Meera,Female,CSE,5,24,39,13,76,7.6,B,60,72,48,9,4.7,94,100,53,82,62,57,45,77,25.33,Fail,50.66,Pass,Average,Low
S0272,Om,Male,Mechanical,7,12,13,7,32,3.5,D,62,74,46,7,1.2,39,58,46,39,75,64,56,33,10.67,Fail,22.84,Fail,Poor,High
S0273,Ishita,Female,IT,4,5,20,9,34,3.5,D,35,42,78,6,0.5,67,69,30,57,63,73,57,53,11.33,Fail,23.16,Fail,Poor,High
S0274,Ritik,Male,Electrical,1,24,43,20,87,8.7,A,73,87,33,7,3.6,62,75,83,70,76,67,63,88,29.0,Fail,58.0,Pass,Excellent,Low
S0275,Khushi,Female,Electrical,1,22,53,22,97,9.7,A,100,120,0,3,4.1,81,92,77,66,68,77,30,66,32.33,Fail,64.66,Pass,Excellent,Low
S0276,Prachi,Female,Electrical,5,30,48,15,93,9.3,A,56,67,53,3,4.6,100,89,56,79,77,60,66,96,31.0,Fail,62.0,Pass,Excellent,High
S0277,Shubham,Male,Civil,1,22,27,15,64,6.4,C,50,60,60,8,4.5,100,77,64,87,78,35,40,50,21.33,Fail,42.66,Pass,Poor,High
S0278,Pranav,Male,Electrical,4,23,31,10,64,6.4,C,62,74,46,2,1.1,97,69,41,75,68,62,34,39,21.33,Fail,42.66,Pass,Poor,Medium
S0279,Ritik,Male,Mechanical,6,12,53,11,76,7.6,B,45,54,66,1,2.2,68,49,49,30,45,70,62,72,25.33,Fail,50.66,Pass,Average,High
S0280,Pooja,Female,Electrical,8,26,25,8,59,5.9,D,84,100,20,6,3.6,92,65,53,58,44,60,57,35,19.67,Fail,39.34,Pass,Poor,High
S0281,Rahul,Male,CSE,7,5,38,15,58,5.8,D,38,45,75,6,4.4,80,78,30,51,94,52,60,66,19.33,Fail,38.66,Pass,Poor,High
S0282,Pooja,Female,IT,7,27,17,20,64,6.4,C,59,70,50,3,3.9,100,100,57,70,95,82,45,55,21.33,Fail,42.66,Pass,Poor,High
S0283,Rahul,Male,Civil,3,30,54,24,108,10.0,A,93,111,9,9,7.6,100,54,83,91,59,80,100,89,36.0,Fail,68.0,Pass,Excellent,Low
S0284,Aman,Male,CSE,2,8,19,8,35,3.5,D,64,76,44,3,2.5,86,96,50,86,63,65,50,44,11.67,Fail,23.34,Fail,Poor,High
S0285,Khushi,Female,IT,1,22,32,16,70,7.0,B,60,72,48,10,1.4,81,81,68,30,55,53,74,40,23.33,Fail,46.66,Pass,Average,Medium
S0286,Tanish,Male,Electrical,1,24,26,13,63,6.3,C,79,94,26,3,5.0,100,65,85,90,50,85,69,79,21.0,Fail,42.0,Pass,Poor,Medium
S0287,Arjun,Male,Civil,6,9,19,7,35,3.5,D,51,61,59,14,1.7,100,70,69,30,56,63,67,67,11.67,Fail,23.34,Fail,Poor,High
S0288,Aditya,Male,Electrical,7,20,53,21,94,9.4,A,78,93,27,5,2.8,73,79,78,60,62,45,30,61,31.33,Fail,62.66,Pass,Excellent,Low
S0289,Aditya,Male,IT,2,16,29,13,58,5.8,D,66,79,41,11,3.8,100,62,68,47,91,60,100,64,19.33,Fail,38.66,Pass,Poor,High
S0290,Aarav,Male,Electrical,5,20,25,5,50,5.0,D,64,76,44,4,0.5,99,59,74,43,35,70,39,48,16.67,Fail,33.34,Pass,Poor,High
S0291,Pranav,Male,CSE,4,30,61,11,102,10.0,A,89,106,14,13,4.8,76,100,68,40,39,94,83,37,34.0,Fail,67.0,Pass,Excellent,Low
S0292,Pooja,Female,Mechanical,5,23,61,20,104,10.0,A,83,99,21,8,5.0,65,96,39,64,77,76,71,62,34.67,Fail,67.34,Pass,Excellent,Low
S0293,Palak,Female,ENTC,1,18,28,17,63,6.3,C,35,42,78,4,2.5,81,89,49,78,71,86,60,71,21.0,Fail,42.0,Pass,Poor,High
S0294,Ishita,Female,ENTC,1,16,34,5,55,5.5,D,72,86,34,6,2.0,56,58,38,65,62,79,60,59,18.33,Fail,36.66,Pass,Poor,High
S0295,Shruti,Female,Civil,2,14,26,5,45,4.5,D,73,87,33,1,5.0,87,62,50,68,52,51,77,57,15.0,Fail,30.0,Fail,Poor,High
S0296,Saurabh,Male,Civil,4,28,44,8,80,8.0,B,69,82,38,3,0.9,92,78,58,35,48,31,30,44,26.67,Fail,53.34,Pass,Average,Low
S0297,Tanvi,Female,IT,7,20,10,9,39,3.9,D,58,69,51,4,0.7,55,86,56,33,77,50,78,67,13.0,Fail,26.0,Fail,Poor,High
S0298,Akash,Male,ENTC,1,20,34,14,68,6.8,C,55,66,54,8,0.5,95,53,87,85,64,63,67,68,22.67,Fail,45.34,Pass,Poor,High
S0299,Khushi,Female,CSE,8,15,17,13,45,4.5,D,43,51,69,12,0.8,82,68,39,32,75,82,76,64,15.0,Fail,30.0,Fail,Poor,High
S0300,Palak,Female,Civil,5,30,46,24,100,10.0,A,85,102,18,5,4.0,58,71,65,54,68,79,47,52,33.33,Fail,66.66,Pass,Excellent,Low
S0301,Anushka,Female,IT,4,12,27,26,65,6.5,C,50,60,60,8,4.7,90,100,32,84,100,99,32,50,21.67,Fail,43.34,Pass,Poor,High
S0302,Aarav,Male,Electrical,2,13,40,25,78,7.8,B,57,68,52,6,3.9,81,38,60,37,67,65,50,33,26.0,Fail,52.0,Pass,Average,High
S0303,Rohan,Male,Electrical,6,14,65,15,94,9.4,A,76,91,29,4,2.6,100,96,50,48,89,45,65,63,31.33,Fail,62.66,Pass,Excellent,Low
S0304,Meera,Female,Mechanical,2,15,40,19,74,7.4,B,72,86,34,5,3.0,73,64,37,52,51,59,40,44,24.67,Fail,49.34,Pass,Average,Medium
S0305,Vaishnavi,Female,IT,5,27,36,14,77,7.7,B,62,74,46,6,4.7,96,100,95,54,84,63,32,53,25.67,Fail,51.34,Pass,Average,Low
S0306,Yash,Male,Mechanical,4,11,43,17,71,7.1,B,50,60,60,8,2.2,82,93,67,58,46,92,76,31,23.67,Fail,47.34,Pass,Average,High
S0307,Siddharth,Male,ENTC,6,26,49,24,99,9.9,A,87,104,16,3,5.2,82,58,79,70,100,65,75,81,33.0,Fail,66.0,Pass,Excellent,Low
S0308,Ishita,Female,Electrical,6,15,16,10,41,4.1,D,60,72,48,5,3.2,73,88,40,32,60,56,67,52,13.67,Fail,27.34,Fail,Poor,High
S0309,Pooja,Female,Electrical,5,5,42,16,63,6.3,C,57,68,52,4,3.3,81,82,63,52,51,80,55,77,21.0,Fail,42.0,Pass,Poor,High
S0310,Atharva,Male,ENTC,8,18,46,12,76,7.6,B,49,58,62,1,0.5,83,70,54,66,54,58,64,56,25.33,Fail,50.66,Pass,Average,High
S0311,Siddharth,Male,ENTC,5,23,31,20,74,7.4,B,48,57,63,4,3.5,83,85,76,59,44,76,68,57,24.67,Fail,49.34,Pass,Average,High
S0312,Yash,Male,IT,6,19,32,19,70,7.0,B,46,55,65,1,5.2,87,100,66,64,40,87,80,78,23.33,Fail,46.66,Pass,Average,High
S0313,Shruti,Female,IT,4,21,36,15,72,7.2,B,51,61,59,6,3.5,90,100,50,83,61,77,58,100,24.0,Fail,48.0,Pass,Average,High
S0314,Simran,Female,Electrical,2,29,62,23,114,10.0,A,76,91,29,10,5.5,92,100,73,47,52,48,80,75,38.0,Fail,69.0,Pass,Excellent,Low
S0315,Kunal,Male,Mechanical,3,11,37,17,65,6.5,C,58,69,51,2,3.4,99,71,76,78,71,95,30,43,21.67,Fail,43.34,Pass,Poor,High
S0316,Kavya,Female,Mechanical,5,5,25,5,35,3.5,D,63,75,45,5,0.5,70,67,30,30,76,56,47,59,11.67,Fail,23.34,Fail,Poor,High
S0317,Kunal,Male,ENTC,4,15,21,16,52,5.2,D,82,98,22,2,2.0,93,83,30,45,35,62,49,53,17.33,Fail,34.66,Pass,Poor,High
S0318,Atharva,Male,CSE,7,5,43,13,61,6.1,C,44,52,68,2,2.4,81,98,40,79,64,94,52,100,20.33,Fail,40.66,Pass,Poor,High
S0319,Palak,Female,Mechanical,1,16,48,15,79,7.9,B,78,93,27,1,3.4,73,94,30,53,41,55,49,55,26.33,Fail,52.66,Pass,Average,Low
S0320,Prachi,Female,CSE,4,13,27,5,45,4.5,D,65,78,42,8,1.2,78,83,40,63,50,54,31,54,15.0,Fail,30.0,Fail,Poor,High
S0321,Pooja,Female,IT,4,18,44,5,67,6.7,C,94,112,8,6,1.4,74,72,54,73,55,57,74,31,22.33,Fail,44.66,Pass,Poor,Medium
S0322,Neha,Female,Mechanical,6,30,70,21,121,10.0,A,81,97,23,8,6.6,100,88,95,85,94,66,46,57,40.33,Fail,70.16,Pass,Excellent,Low
S0323,Prachi,Female,IT,7,30,70,25,125,10.0,A,95,114,6,6,7.9,84,85,84,76,98,71,85,57,41.67,Fail,70.84,Pass,Excellent,Low
S0324,Anushka,Female,Mechanical,8,18,54,22,94,9.4,A,88,105,15,1,6.5,82,84,95,81,100,79,62,77,31.33,Fail,62.66,Pass,Excellent,Low
S0325,Sakshi,Female,Civil,3,23,45,15,83,8.3,B,95,114,6,13,4.5,100,34,83,30,82,64,77,55,27.67,Fail,55.34,Pass,Average,Low
S0326,Neha,Female,Mechanical,2,19,60,20,99,9.9,A,72,86,34,1,4.5,61,100,43,53,62,85,66,54,33.0,Fail,66.0,Pass,Excellent,Low
S0327,Aarav,Male,IT,4,9,33,21,63,6.3,C,47,56,64,1,4.4,64,46,68,72,75,39,47,74,21.0,Fail,42.0,Pass,Poor,High
S0328,Ritik,Male,Civil,8,5,18,6,29,3.5,D,49,58,62,13,0.5,61,79,88,43,44,68,97,36,9.67,Fail,22.34,Fail,Poor,High
S0329,Kavya,Female,Civil,1,18,25,5,48,4.8,D,81,97,23,12,2.5,66,52,65,66,89,53,30,30,16.0,Fail,32.0,Fail,Poor,High
S0330,Prachi,Female,Mechanical,8,7,34,13,54,5.4,D,62,74,46,10,1.8,88,30,70,33,54,50,37,40,18.0,Fail,36.0,Pass,Poor,High
S0331,Ananya,Female,Civil,2,19,52,15,86,8.6,A,56,67,53,8,3.2,89,84,38,54,54,50,58,79,28.67,Fail,57.34,Pass,Excellent,High
S0332,Kunal,Male,ENTC,5,21,69,21,111,10.0,A,100,120,0,1,4.7,81,84,54,54,63,57,53,50,37.0,Fail,68.5,Pass,Excellent,Low
S0333,Akash,Male,CSE,2,19,47,13,79,7.9,B,53,63,57,12,2.0,69,82,63,77,79,68,92,54,26.33,Fail,52.66,Pass,Average,High
S0334,Shruti,Female,Civil,5,16,33,17,66,6.6,C,52,62,58,8,6.9,100,49,95,93,73,87,68,77,22.0,Fail,44.0,Pass,Poor,High
S0335,Anushka,Female,Electrical,7,27,49,18,94,9.4,A,77,92,28,6,5.1,77,60,69,80,87,60,57,65,31.33,Fail,62.66,Pass,Excellent,Low
S0336,Shruti,Female,Mechanical,4,11,57,9,77,7.7,B,44,52,68,2,0.9,56,68,47,51,33,38,83,96,25.67,Fail,51.34,Pass,Average,High
S0337,Nikhil,Male,Electrical,4,24,63,21,108,10.0,A,89,106,14,7,6.2,86,66,91,91,85,100,47,50,36.0,Fail,68.0,Pass,Excellent,Low
S0338,Tanish,Male,IT,6,6,37,6,49,4.9,D,68,81,39,2,3.5,92,61,79,57,68,30,60,30,16.33,Fail,32.66,Fail,Poor,High
S0339,Diya,Female,Civil,3,22,59,14,95,9.5,A,85,102,18,7,2.7,55,66,78,67,53,67,45,66,31.67,Fail,63.34,Pass,Excellent,Low
S0340,Nikhil,Male,ENTC,7,29,63,28,120,10.0,A,91,109,11,7,4.9,84,100,30,55,63,60,78,47,40.0,Fail,70.0,Pass,Excellent,Low
S0341,Yash,Male,Mechanical,1,19,43,9,71,7.1,B,44,52,68,11,5.5,100,80,71,73,55,46,84,82,23.67,Fail,47.34,Pass,Average,High
S0342,Pranav,Male,Electrical,5,24,54,12,90,9.0,A,93,111,9,2,5.9,100,83,95,73,33,100,53,46,30.0,Fail,60.0,Pass,Excellent,Low
S0343,Ishita,Female,Mechanical,2,27,55,24,106,10.0,A,69,82,38,6,5.8,83,62,95,62,62,87,67,71,35.33,Fail,67.66,Pass,Excellent,Low
S0344,Neha,Female,Mechanical,1,8,46,14,68,6.8,C,40,48,72,5,1.9,85,92,44,43,47,40,45,43,22.67,Fail,45.34,Pass,Poor,High
S0345,Diya,Female,IT,6,21,41,8,70,7.0,B,81,97,23,3,1.7,86,52,30,46,74,43,90,46,23.33,Fail,46.66,Pass,Average,Medium
S0346,Aarav,Male,IT,2,19,70,15,104,10.0,A,55,66,54,5,4.4,100,75,62,58,90,65,47,44,34.67,Fail,67.34,Pass,Excellent,High
S0347,Kunal,Male,Civil,3,27,42,11,80,8.0,B,83,99,21,2,2.4,84,76,71,53,64,38,47,61,26.67,Fail,53.34,Pass,Average,Low
S0348,Vaishnavi,Female,ENTC,3,11,34,16,61,6.1,C,53,63,57,9,2.9,93,66,81,84,47,59,30,30,20.33,Fail,40.66,Pass,Poor,High
S0349,Om,Male,Civil,2,25,10,18,53,5.3,D,58,69,51,9,3.3,52,72,33,32,49,100,38,40,17.67,Fail,35.34,Pass,Poor,High
S0350,Atharva,Male,Mechanical,4,30,69,18,117,10.0,A,84,100,20,7,9.0,78,96,92,95,99,63,84,62,39.0,Fail,69.5,Pass,Excellent,Low
S0351,Aditi,Female,Electrical,2,23,30,18,71,7.1,B,93,111,9,5,3.9,58,100,85,79,40,57,59,59,23.67,Fail,47.34,Pass,Average,Medium
S0352,Meera,Female,Mechanical,4,12,36,11,59,5.9,D,73,87,33,2,3.9,92,86,36,31,100,99,77,73,19.67,Fail,39.34,Pass,Poor,High
S0353,Prachi,Female,Civil,1,5,27,8,40,4.0,D,45,54,66,14,0.9,76,79,53,30,79,64,74,79,13.33,Fail,26.66,Fail,Poor,High
S0354,Siddharth,Male,Electrical,8,17,44,19,80,8.0,B,78,93,27,11,3.9,97,98,58,62,100,76,66,79,26.67,Fail,53.34,Pass,Average,Low
S0355,Aditya,Male,Civil,1,17,43,11,71,7.1,B,54,64,56,14,2.6,62,83,71,53,78,54,30,79,23.67,Fail,47.34,Pass,Average,High
S0356,Tanvi,Female,Electrical,8,24,34,14,72,7.2,B,54,64,56,6,3.7,84,100,41,73,66,77,52,65,24.0,Fail,48.0,Pass,Average,High
S0357,Khushi,Female,Mechanical,7,15,40,22,77,7.7,B,79,94,26,12,3.4,54,100,72,52,71,32,52,76,25.67,Fail,51.34,Pass,Average,Low
S0358,Neha,Female,Electrical,1,19,35,27,81,8.1,B,62,74,46,8,2.6,73,71,70,37,40,39,75,42,27.0,Fail,54.0,Pass,Average,Low
S0359,Shubham,Male,Electrical,6,27,36,10,73,7.3,B,72,86,34,12,1.6,69,92,57,44,60,64,55,55,24.33,Fail,48.66,Pass,Average,Medium
S0360,Pooja,Female,Mechanical,3,24,48,12,84,8.4,B,90,108,12,14,3.5,100,100,75,87,69,70,94,66,28.0,Fail,56.0,Pass,Average,Low
S0361,Shruti,Female,Electrical,3,19,50,22,91,9.1,A,66,79,41,1,5.0,91,68,36,66,73,56,56,50,30.33,Fail,60.66,Pass,Excellent,Low
S0362,Khushi,Female,ENTC,8,20,46,21,87,8.7,A,70,84,36,8,3.2,86,40,30,65,100,37,49,60,29.0,Fail,58.0,Pass,Excellent,Low
S0363,Ritik,Male,ENTC,7,25,66,24,115,10.0,A,76,91,29,9,5.4,78,64,95,55,78,68,69,79,38.33,Fail,69.16,Pass,Excellent,Low
S0364,Riya,Female,Civil,1,21,39,11,71,7.1,B,80,96,24,5,1.1,76,44,67,35,68,55,37,68,23.67,Fail,47.34,Pass,Average,Medium
S0365,Prachi,Female,Mechanical,7,18,10,8,36,3.6,D,71,85,35,0,2.4,69,95,53,31,75,64,73,55,12.0,Fail,24.0,Fail,Poor,High
S0366,Anushka,Female,Civil,6,8,33,10,51,5.1,D,54,64,56,2,1.3,69,66,54,58,55,30,50,56,17.0,Fail,34.0,Pass,Poor,High
S0367,Rohan,Male,ENTC,4,21,68,5,94,9.4,A,98,117,3,11,2.7,96,46,50,66,47,66,43,86,31.33,Fail,62.66,Pass,Excellent,Low
S0368,Rohan,Male,Civil,2,30,58,19,107,10.0,A,58,69,51,0,6.5,75,86,95,62,74,57,50,47,35.67,Fail,67.84,Pass,Excellent,High
S0369,Nandini,Female,Civil,1,22,58,16,96,9.6,A,100,120,0,0,3.6,92,85,55,38,52,54,70,40,32.0,Fail,64.0,Pass,Excellent,Low
S0370,Yash,Male,CSE,1,25,34,8,67,6.7,C,89,106,14,14,1.3,71,84,45,76,59,64,60,100,22.33,Fail,44.66,Pass,Poor,Medium
S0371,Aarav,Male,Civil,7,15,41,14,70,7.0,B,94,112,8,6,5.3,81,67,45,95,64,73,65,84,23.33,Fail,46.66,Pass,Average,Medium
S0372,Kunal,Male,IT,1,13,35,5,53,5.3,D,59,70,50,8,1.4,67,75,61,35,70,45,71,30,17.67,Fail,35.34,Pass,Poor,High
S0373,Arjun,Male,Electrical,3,16,33,9,58,5.8,D,73,87,33,2,5.1,100,100,81,68,100,72,63,78,19.33,Fail,38.66,Pass,Poor,High
S0374,Om,Male,Electrical,1,22,35,14,71,7.1,B,73,87,33,4,0.5,80,73,56,87,41,38,58,61,23.67,Fail,47.34,Pass,Average,Medium
S0375,Pooja,Female,Civil,5,11,31,13,55,5.5,D,50,60,60,13,2.1,74,93,84,51,56,67,100,99,18.33,Fail,36.66,Pass,Poor,High
S0376,Neha,Female,CSE,6,25,70,29,124,10.0,A,100,120,0,14,4.9,66,86,48,35,75,86,58,60,41.33,Fail,70.66,Pass,Excellent,Low
S0377,Saurabh,Male,Mechanical,1,26,62,20,108,10.0,A,57,68,52,3,5.8,85,83,61,69,70,64,73,62,36.0,Fail,68.0,Pass,Excellent,High
S0378,Anushka,Female,Mechanical,2,28,35,17,80,8.0,B,78,93,27,10,3.4,94,76,65,44,61,76,59,30,26.67,Fail,53.34,Pass,Average,Low
S0379,Harsh,Male,Mechanical,7,24,38,16,78,7.8,B,85,102,18,14,4.0,84,78,53,72,69,72,43,62,26.0,Fail,52.0,Pass,Average,Low
S0380,Kunal,Male,Electrical,8,17,51,14,82,8.2,B,78,93,27,6,0.8,81,85,64,59,35,51,48,89,27.33,Fail,54.66,Pass,Average,Low
S0381,Akash,Male,Mechanical,1,11,17,10,38,3.8,D,54,64,56,6,0.5,60,47,46,79,30,41,85,35,12.67,Fail,25.34,Fail,Poor,High
S0382,Arjun,Male,IT,2,18,41,14,73,7.3,B,95,114,6,12,3.6,98,53,41,68,93,66,58,53,24.33,Fail,48.66,Pass,Average,Medium
S0383,Yash,Male,ENTC,4,28,58,14,100,10.0,A,84,100,20,8,3.1,93,56,54,42,64,69,50,68,33.33,Fail,66.66,Pass,Excellent,Low
S0384,Kunal,Male,ENTC,3,15,40,5,60,6.0,C,74,88,32,8,2.9,45,74,68,30,73,84,62,42,20.0,Fail,40.0,Pass,Poor,Medium
S0385,Pooja,Female,Mechanical,5,5,18,5,28,3.5,D,63,75,45,2,2.5,95,66,57,44,74,63,93,30,9.33,Fail,22.16,Fail,Poor,High
S0386,Om,Male,CSE,1,17,45,10,72,7.2,B,48,57,63,11,1.7,43,95,82,66,58,58,39,56,24.0,Fail,48.0,Pass,Average,High
S0387,Shruti,Female,ENTC,5,23,56,8,87,8.7,A,80,96,24,11,1.7,98,57,74,30,86,66,53,63,29.0,Fail,58.0,Pass,Excellent,Low
S0388,Kavya,Female,Civil,1,17,59,22,98,9.8,A,98,117,3,7,5.5,93,84,64,77,61,100,54,91,32.67,Fail,65.34,Pass,Excellent,Low
S0389,Riya,Female,Mechanical,3,26,52,11,89,8.9,A,100,120,0,6,4.9,74,100,64,79,62,52,61,59,29.67,Fail,59.34,Pass,Excellent,Low
S0390,Diya,Female,Electrical,3,25,56,20,101,10.0,A,81,97,23,14,6.3,100,98,61,73,100,100,74,82,33.67,Fail,66.84,Pass,Excellent,Low
S0391,Ishita,Female,Mechanical,5,7,55,16,78,7.8,B,70,84,36,2,6.4,100,88,48,79,75,49,75,50,26.0,Fail,52.0,Pass,Average,Low
S0392,Ananya,Female,ENTC,1,8,44,13,65,6.5,C,64,76,44,11,4.6,74,100,57,42,71,51,94,84,21.67,Fail,43.34,Pass,Poor,Medium
S0393,Shruti,Female,Civil,1,26,56,15,97,9.7,A,99,118,2,1,5.8,89,100,66,55,73,99,94,79,32.33,Fail,64.66,Pass,Excellent,Low
S0394,Tanvi,Female,Civil,7,23,46,11,80,8.0,B,69,82,38,4,4.2,74,100,81,54,71,94,78,57,26.67,Fail,53.34,Pass,Average,Low
S0395,Riya,Female,Electrical,7,30,30,22,82,8.2,B,73,87,33,7,4.8,65,86,79,33,100,100,47,48,27.33,Fail,54.66,Pass,Average,Low
S0396,Shruti,Female,ENTC,1,14,63,28,105,10.0,A,77,92,28,1,6.7,100,84,78,81,69,82,30,77,35.0,Fail,67.5,Pass,Excellent,Low
S0397,Diya,Female,Mechanical,3,30,62,25,117,10.0,A,90,108,12,10,5.1,62,59,72,67,100,56,61,64,39.0,Fail,69.5,Pass,Excellent,Low
S0398,Palak,Female,IT,3,27,41,20,88,8.8,A,74,88,32,12,6.7,97,100,51,85,79,81,81,69,29.33,Fail,58.66,Pass,Excellent,Low
S0399,Pooja,Female,ENTC,2,26,47,19,92,9.2,A,54,64,56,4,4.1,81,43,85,95,100,79,57,56,30.67,Fail,61.34,Pass,Excellent,High
S0400,Tanvi,Female,Mechanical,4,30,41,6,77,7.7,B,95,114,6,9,5.5,100,72,70,42,63,93,85,42,25.67,Fail,51.34,Pass,Average,Low
S0401,Aman,Male,Electrical,7,16,47,12,75,7.5,B,77,92,28,2,1.5,51,63,38,30,71,100,55,30,25.0,Fail,50.0,Pass,Average,Low
S0402,Diya,Female,Civil,1,22,33,13,68,6.8,C,86,103,17,3,3.0,94,71,44,54,72,68,63,41,22.67,Fail,45.34,Pass,Poor,Medium
S0403,Akash,Male,Civil,6,6,24,11,41,4.1,D,35,42,78,5,1.9,66,87,71,56,37,77,39,68,13.67,Fail,27.34,Fail,Poor,High
S0404,Simran,Female,Civil,5,12,10,7,29,3.5,D,47,56,64,3,3.9,93,62,70,57,82,45,80,50,9.67,Fail,22.34,Fail,Poor,High
S0405,Riya,Female,Civil,4,27,37,25,89,8.9,A,73,87,33,3,3.9,64,100,63,37,42,57,54,74,29.67,Fail,59.34,Pass,Excellent,Low
S0406,Ritik,Male,CSE,3,17,39,11,67,6.7,C,35,42,78,11,3.4,79,100,82,48,50,81,76,84,22.33,Fail,44.66,Pass,Poor,High
S0407,Khushi,Female,Mechanical,3,29,53,21,103,10.0,A,72,86,34,11,5.0,100,83,73,69,72,77,47,48,34.33,Fail,67.16,Pass,Excellent,Low
S0408,Ishita,Female,ENTC,2,20,57,17,94,9.4,A,95,114,6,12,5.7,100,74,73,61,100,69,71,82,31.33,Fail,62.66,Pass,Excellent,Low
S0409,Harsh,Male,IT,6,30,45,27,102,10.0,A,100,120,0,13,6.1,95,56,84,34,85,35,76,95,34.0,Fail,67.0,Pass,Excellent,Low
S0410,Sneha,Female,ENTC,1,29,35,18,82,8.2,B,66,79,41,6,4.6,67,99,80,74,84,38,47,61,27.33,Fail,54.66,Pass,Average,Low
S0411,Kunal,Male,Civil,8,20,63,11,94,9.4,A,100,120,0,11,3.9,64,79,90,41,68,80,61,64,31.33,Fail,62.66,Pass,Excellent,Low
S0412,Siddharth,Male,ENTC,5,12,24,17,53,5.3,D,100,120,0,11,3.7,52,87,82,50,95,64,85,55,17.67,Fail,35.34,Pass,Poor,High
S0413,Palak,Female,Civil,3,16,53,16,85,8.5,A,62,74,46,5,2.0,78,85,59,33,30,78,88,59,28.33,Fail,56.66,Pass,Excellent,Low
S0414,Khushi,Female,IT,3,14,54,10,78,7.8,B,66,79,41,13,4.8,100,74,48,77,50,91,50,52,26.0,Fail,52.0,Pass,Average,Low
S0415,Saurabh,Male,CSE,1,14,60,12,86,8.6,A,35,42,78,4,3.3,66,100,48,51,86,72,96,70,28.67,Fail,57.34,Pass,Excellent,High
S0416,Prachi,Female,Mechanical,2,28,70,5,103,10.0,A,99,118,2,10,4.0,63,53,57,82,96,76,83,71,34.33,Fail,67.16,Pass,Excellent,Low
S0417,Harsh,Male,Electrical,2,6,36,5,47,4.7,D,64,76,44,9,0.5,57,88,54,78,41,46,30,52,15.67,Fail,31.34,Fail,Poor,High
S0418,Aditya,Male,Electrical,2,13,34,29,76,7.6,B,71,85,35,7,3.5,75,71,40,42,73,55,67,57,25.33,Fail,50.66,Pass,Average,Low
S0419,Om,Male,Mechanical,3,11,20,19,50,5.0,D,45,54,66,9,3.7,69,84,66,55,77,100,78,52,16.67,Fail,33.34,Pass,Poor,High
S0420,Saurabh,Male,IT,1,14,42,21,77,7.7,B,55,66,54,0,5.2,100,92,82,66,95,100,71,76,25.67,Fail,51.34,Pass,Average,High
